Factor1,Factor2,Factor3,Factor4,Factor5,Factor6,Factor7,Factor8,Factor9,Factor10
0.12061234186685985,-1.5886866565826379,-1.0102905658241024,-1.3714152607215675,0.27556908135545766,-0.10063088009182758,-0.19238877739801682,-1.6580595245877658,-0.17915185142283857,-1.1515777581519007
0.7873538717623083,0.5796957993185743,1.3550269560531092,1.237615377323323,0.9771696754247259,-1.1353948791576391,1.1191697467044188,1.6540679714601858,1.0927236220908718,1.5340350135001855
-0.2573273474509702,0.38602702421052987,0.9851143002742847,-0.5927807670680785,0.9628340106334508,0.3998645882267203,1.9109917897377893,0.9298062968952011,1.0927236220908718,-1.1515777581519007
0.3442633354944351,-0.4100890977564989,1.1040188333005274,-1.385217695084628,0.7242567419301028,0.6661707152555664,0.045258910961847955,0.17066327569990447,0.30131963101308995,0.7408020626792666
1.1456814412215957,1.4056364851625243,1.0635203772379123,0.9925378719632115,1.6994523933755177,1.1399842784306877,1.6367104461452209,1.2143279447034243,1.0927236220908718,1.5340350135001855
-1.8412915435286603,-0.22554417935668655,1.105582317184271,1.237615377323323,-0.6154597807035845,0.4336376506554362,1.3934510902969872,1.6540679714601858,1.5697898169507976,0.7408020626792666
0.8239432175601143,0.19930386315113618,-0.18198708837021702,-0.06689994169912217,-0.6361419045851078,-1.0732836348959252,-1.2440790609659198,-0.5884797454953923,-1.5713709801301,-2.4943841439779435
1.3499019311992058,-0.38235403457125,1.1040188333005274,0.7178608233930065,1.172944402504748,1.4417197445778214,1.385643641180355,1.3695463236519627,0.2979143434370872,0.19122862767414248
0.302829246808826,-0.8133599837522073,0.2120805459791159,0.7178608233930065,0.2120844158506084,0.16733152362659012,1.1191697467044188,0.45518492350812756,1.0927236220908718,-1.1515777581519007
1.1808894858075825,1.2119677100544797,0.33098507900535873,0.2535892861783253,-0.25093890951531195,-2.116795067936598,-2.2957693445338228,0.1357819290695925,-0.5714485593857268,-2.7380436597937385
-1.7840611879952193,1.4056364851625243,1.5912638117095894,0.1144020972879442,1.6994523933755177,0.6411450868017116,1.9109917897377893,0.7397065713163504,1.5697898169507976,1.5340350135001855
1.367060773347047,0.4198971821247717,1.3823176289033663,0.4528546122311944,0.06545868948416043,1.4079466821491053,0.6072407147519857,1.6540679714601858,1.5697898169507976,0.7408020626792666
-1.2994354852785697,-0.606181076782199,-0.9970827826117445,1.237615377323323,-1.2339193139112539,0.9074512138305576,-1.019850489211056,-2.227102820204212,-1.843324032899437,1.5340350135001855
-0.2573273474509702,0.40542593806306293,-1.9816535548747396,0.23366058037662485,-2.201330212406141,-0.8407505702957951,-1.769427209523354,0.17066327569990447,-1.4476220373605462,0.19122862767414248
0.8239432175601143,0.8086968240587712,0.4093911559689861,0.041899913513378656,0.59196668035493,-0.8586850414643603,-0.4888906731652531,-0.30395809768716914,0.30131963101308995,-1.3952372739676955
0.081569718358352,-2.395633688233884,-2.666209143273672,-1.3242246936633417,0.2612334165641824,-0.09188344611696646,-0.7599822486765233,-0.11385837210831859,-1.8467293204754396,-1.1515777581519007
-0.09454094615896899,-0.3747568481243467,-2.477951997450813,-0.38126289813792996,0.02265614786083453,-1.1087129740142128,0.8593015061698862,0.45518492350812756,-0.5748538469617295,-1.1515777581519007
-0.5596350674624865,0.8086968240587712,1.3550269560531092,-2.5617478136168725,-2.201330212406141,-0.3419113786668188,-1.769427209523354,-0.30395809768716914,-0.17574656384683593,-2.4943841439779435
-0.2573273474509702,-0.4329680475847689,-1.0102905658241024,-1.3714152607215675,-0.25093890951531195,-0.10063088009182758,-0.19238877739801682,-3.1414642203480474,-1.0519200418216554,-1.1515777581519007
-0.8617424453536149,1.4056364851625243,1.5912638117095894,1.0122950740301138,1.6994523933755177,-1.1087129740142128,1.1470019663674553,0.8949249502648892,1.5697898169507976,0.19122862767414248
0.3432531715291532,0.38602702421052987,0.618337338775209,0.5282663347485304,-0.6218062397938326,1.1399842784306877,-2.2957693445338228,-1.7873627934474503,1.5697898169507976,0.19122862767414248
-0.9422378834595417,-1.2239817434563953,-1.5248262170834215,-0.3058511756205941,-0.6996265700899571,-0.574444443266949,-0.7099294768388188,-1.3127414200603769,-0.6562180462827645,-1.1515777581519007
-0.8152122802086426,1.0019603395069867,0.8677819776440473,0.49254052009979726,-1.781109428663547,0.15858408965172902,-1.5261678536751202,-0.5884797454953923,1.5697898169507976,0.19122862767414248
0.8472083001326005,-2.822754341779275,-1.1754113578420509,0.9232524208845153,-0.7917825651773569,-0.3402551019772472,-0.4888906731652531,1.6540679714601858,-2.797456422619289,0.19122862767414248
0.9399991115867553,0.06139892016136748,0.6744821683594671,1.237615377323323,1.4608751246721696,-0.8941143805826479,1.9109917897377893,1.1794465980731121,-1.9212829446444695,1.5340350135001855
-0.2573273474509702,-2.6519645164995005,-1.0739253756916285,-3.065533754965358,-2.201330212406141,-1.1087129740142128,-2.2957693445338228,0.45518492350812756,-1.1722636970152065,-1.1515777581519007
0.8239432175601143,0.19930386315113618,0.1599465171001479,1.237615377323323,-2.201330212406141,-0.8407505702957951,0.579408495088949,-2.261984166834524,-2.401754427080398,-0.6020043231467764
-1.2947723585993445,-0.2149582309305438,-0.40414105438879794,-0.06689994169912217,-0.6996265700899571,-0.10063088009182758,0.05967201401988367,0.45518492350812756,-1.4476220373605462,0.19122862767414248
0.8239432175601143,-0.7890189422060265,1.5912638117095894,-1.6164927660816792,1.6994523933755177,-0.10063088009182758,1.9109917897377893,-0.7436981244439307,1.5697898169507976,1.5340350135001855
-1.0340185309484147,-0.9712912495682706,-2.06162311572211,-2.169806956441959,-0.47538496617788434,-1.1424860364429286,-1.5317795211634893,-1.942581172395989,-0.13676710797431976,-0.3583448073309816
-0.29278672560851693,-0.0045456007232220754,1.0544669130709008,-0.011416924983486764,-0.012361640811964074,1.175413617548975,0.06847344958955058,1.3695463236519627,-0.13676710797431976,-0.9079182423361057
0.9486971593088898,1.002365599166816,-0.33723575841372855,0.39737159551555895,0.7242567419301028,1.381264777005679,1.9109917897377893,1.3695463236519627,0.34029908688560606,0.7408020626792666
-0.11553436722933122,-0.002367358063640678,-0.5246090712987841,-0.8455344353526112,0.45066168455395633,-0.1110345907562603,0.05967201401988367,0.17066327569990447,-0.6138333028342456,0.19122862767414248
1.3450571883114026,0.7897031698660673,1.0635203772379123,1.0122950740301138,0.45721259639470424,1.4166941161239663,-0.7243425798968546,-0.4332613665468536,1.5697898169507976,0.9844615784950614
1.5260125957165271,1.1956291146150315,1.1460807732468863,0.7314917540212691,1.1872800672960233,1.6492271807240966,1.3712305381223193,1.3695463236519627,1.1317030779633879,1.5340350135001855
-2.4198684774731394,1.4056364851625243,-3.6118449433577946,1.237615377323323,1.6994523933755177,-2.116795067936598,0.8138664153675157,1.0850246758437398,-3.6736299005941087,1.5340350135001855
1.905213782571199,1.4056364851625243,1.5912638117095894,1.237615377323323,1.6994523933755177,1.915533307752943,1.9109917897377893,1.6540679714601858,1.5697898169507976,1.5340350135001855
-0.23915834133784727,-0.03414801528621041,1.1460807732468863,1.237615377323323,-0.40534938883228727,0.13190218450830257,-1.7648095284880196,1.6540679714601858,0.3826838303341248,1.5340350135001855
-0.8004449032379028,0.5713596499858584,0.8272835215814318,0.233832084111423,-0.3482111824176861,-0.8761799094140827,-1.2562963823956923,0.8949249502648892,0.2165501441160523,0.7408020626792666
1.386491276997012,0.1760196536630371,0.3400385431723701,0.7178608233930065,0.21863532769135638,1.4150378394343948,1.399062757785356,-0.019436449878946136,0.7360010824244969,0.9844615784950614
-1.0328885633081555,0.19930386315113618,0.5267234785992235,0.49254052009979726,0.9978517993062492,-0.16108584766396988,1.1191697467044188,1.6540679714601858,0.2589348875645711,-0.6020043231467764
-0.5597665973590693,0.39443472997709117,-1.4686813874991635,0.19180849428925198,-0.15243645533766415,1.1825047748342647,0.06286178210118172,0.6452846490869781,-0.9705558425006204,1.5340350135001855
1.4012586539677518,0.19930386315113618,0.8545741944316891,0.4171287975824613,1.4608751246721696,1.6492271807240966,1.6511235492032565,1.2143279447034243,0.7360010824244969,0.7408020626792666
0.6611568162681131,0.9979147454696659,0.8950726504943045,-2.675930579744013,-0.24315415656478465,-0.09022716942739484,-0.7131192449201168,-1.942581172395989,-0.5324691035132106,-1.9448107089728195
-1.1563810075200884,-1.2429753976490994,0.29048662294274336,1.237615377323323,1.2157469441280737,0.9074512138305576,1.6455118817148877,-0.7785794710742427,0.7783858258730156,-1.1515777581519007
-1.857320418036242,-1.6735760871702274,0.7356696614054463,0.18801990480418046,-2.201330212406141,0.6836655832052886,-1.2440790609659198,-0.5884797454953923,1.5697898169507976,0.19122862767414248
0.003164325545971088,-2.625039972633909,1.3823176289033663,0.508509132681628,-0.6648132341676581,-0.5139894756948067,-0.4666701209905852,0.9298062968952011,-0.9705558425006204,1.5340350135001855
1.364487691961368,0.9909691314210152,1.2634130958771235,0.7314917540212691,1.1872800672960233,1.647570904034525,1.9109917897377893,1.2143279447034243,0.654636883103462,1.5340350135001855
-2.4198684774731394,0.38908734262361466,1.5912638117095894,-0.313355834810217,1.6994523933755177,-2.116795067936598,1.6511235492032565,1.6540679714601858,1.5697898169507976,1.5340350135001855
-0.6194894958327786,0.815237178447593,-0.7608459269552643,0.7535866380417396,-0.25093890951531195,-0.36859328381024525,-0.22022099706105355,-0.7436981244439307,0.2589348875645711,-0.3583448073309816
-0.2573273474509702,-0.1810880730163021,-1.2324445318426833,-1.3378556242916044,-0.4895161782186599,0.9074512138305576,-0.20680188045605255,0.17066327569990447,-0.5748538469617295,-0.3583448073309816
-2.4198684774731394,-3.4196940028830283,-3.6118449433577946,-3.980445898766458,-2.201330212406141,-2.116795067936598,-2.2957693445338228,-3.1414642203480474,-3.6736299005941087,-3.837190529803987
1.1822707870194016,0.39256737859935176,0.7488774446178045,-2.198028111901069,1.172944402504748,-0.3523150893312516,1.1247814141927877,1.3695463236519627,0.2589348875645711,0.9844615784950614
0.5022049938986332,0.8086968240587712,-0.20927776122047437,0.9925378719632115,-0.7774469003860814,0.4086120222015814,1.1113622975877866,0.8949249502648892,0.6970216265519807,1.5340350135001855
-1.3385979124620548,0.19930386315113618,-0.9171132217643737,0.5616544674436952,0.30403595818750834,1.4062904054595338,-2.2957693445338228,1.2143279447034243,0.2589348875645711,-0.6020043231467764
0.3372784610010908,-1.1879277164724944,-2.052569651555099,-0.9656719691835929,0.479128561386007,-0.5477625381235226,0.05505433298454959,-2.7017241935912857,0.21995543169205498,-0.11468529151518674
0.480383025071567,0.7729593147667899,1.07672816045027,-0.8676293193730817,1.2364290680095973,0.9057949371409859,1.6455118817148877,0.45518492350812756,1.1740878214119066,0.19122862767414248
0.5022049938986332,-0.6353782316853583,-0.03736409288972232,-0.7960061863408173,-0.27940578634736263,0.63948881011214,0.5938215981469848,-0.45917647663570776,-0.5748538469617295,-1.7011511931570247
-1.3385979124620548,0.40931123369862893,0.29048662294274336,-0.06689994169912217,0.7242567419301028,0.6661707152555664,0.34176080672908415,-0.26907675105685713,0.34029908688560606,0.19122862767414248
1.368322270883889,0.6070256028439943,0.7777316013518052,-0.6065832014311392,1.4465394598808945,1.915533307752943,1.3768422056106882,-0.8989165033924693,0.2589348875645711,0.7408020626792666
0.8605325633579202,0.6109824549134057,-0.39250548157244536,-0.6346328531554511,0.9628340106334508,0.16567524693701852,1.385643641180355,0.8949249502648892,0.654636883103462,0.9844615784950614
-2.4198684774731394,-1.2031207378859516,-0.8913860327978598,1.237615377323323,1.6994523933755177,1.915533307752943,-0.19238877739801682,-0.11385837210831859,-3.6736299005941087,1.5340350135001855
0.6611568162681131,-1.6189164801193876,-1.0102905658241024,0.24746301473968563,-1.4647118296640746,0.44238508463029735,-0.19238877739801682,-1.3127414200603769,0.2589348875645711,0.19122862767414248
0.28082566177318186,-0.41662945214532066,0.29048662294274336,-0.46939068702472997,-0.503851843009935,0.9074512138305576,-0.4356481332462504,-0.30395809768716914,-0.5324691035132106,0.19122862767414248
-2.4198684774731394,1.4056364851625243,1.5912638117095894,1.237615377323323,1.6994523933755177,1.915533307752943,1.9109917897377893,1.6540679714601858,1.5697898169507976,1.5340350135001855
-2.4198684774731394,-0.20695578482381147,-1.9559350924204877,0.3699382305242356,-0.7280934469220077,1.4166941161239663,1.9109917897377893,1.6540679714601858,-2.0060524315415074,-2.2507246281621494
-0.27108456045642804,-0.21437821496613665,1.3823176289033663,0.01835412196140487,1.4608751246721696,-1.850488940907752,1.6511235492032565,1.6540679714601858,1.1740878214119066,0.9844615784950614
-1.3385979124620548,0.3696884287710816,-1.1260594045705965,0.7474603666030999,0.30403595818750834,1.148731712405549,-1.2440790609659198,-0.8381200466733032,-0.1401723955503225,0.19122862767414248
-0.22439096436710754,0.5862361537073962,0.13109236036614721,-0.25036815890495867,0.9421518867519274,0.9074512138305576,0.06186779564814697,0.8005030280355168,-0.13676710797431976,-1.1515777581519007
1.5420414702241088,1.2119677100544797,1.1460807732468863,1.0122950740301138,1.4608751246721696,1.4062904054595338,1.6589309983198888,1.3695463236519627,1.5697898169507976,0.9844615784950614
0.32124958649350904,-1.1937519199196454,-0.1951948715825751,-0.3058511756205941,-0.25093890951531195,0.37318268308329383,-0.7265383615251179,-0.26907675105685713,-1.528986236681581,-1.1515777581519007
0.14243431069392604,-1.0194820586641338,-0.8013443830178797,-0.5311714789138033,0.02265614786083453,-0.574444443266949,-0.19238877739801682,-0.5535983988650802,-2.3627749712078816,-1.1515777581519007
0.18046677023715194,0.38602702421052987,-0.15469641551995972,0.9925378719632115,0.08614081336568373,0.9074512138305576,0.05967201401988367,0.17066327569990447,0.654636883103462,-0.6020043231467764
0.4680071132779285,0.19930386315113618,1.3129650161067503,-0.5509286809807057,-0.5245339668914584,0.2098520200301672,-0.17896966079301585,-0.11385837210831859,-0.13676710797431976,-0.3583448073309816
0.26718825244270134,0.5796957993185743,0.5687854185455823,-0.7898799149021775,-2.201330212406141,-0.3064820395485313,-0.19338276385105158,-0.7436981244439307,0.21995543169205498,1.5340350135001855
-2.4198684774731394,1.4056364851625243,1.5912638117095894,1.237615377323323,0.8590108258903285,-1.09830926334978,-2.2957693445338228,-1.942581172395989,-1.055325329397658,1.5340350135001855
-0.2791493162780364,-0.2769687116898635,1.5912638117095894,-0.06689994169912217,-2.201330212406141,0.6411450868017116,-0.2224167786893169,-0.3983800199165416,1.5697898169507976,0.19122862767414248
-1.2984253213132877,1.4056364851625238,0.605129555562851,1.0122950740301138,1.2507647328008724,-2.116795067936598,0.33857103864778615,0.5159813802272937,1.1740878214119066,1.5340350135001855
0.3066638257313472,-1.0219052625817895,-0.34295356134281857,0.28931510082705847,-2.201330212406141,0.4086120222015814,-1.5317795211634893,-2.227102820204212,0.2589348875645711,0.7408020626792666
0.8043310977015715,-0.595350167097982,1.0271762402206435,-0.8181010703612878,0.44287693160342895,-0.06685781766311163,1.1103683111347518,0.45518492350812756,0.21995543169205498,-0.3583448073309816
1.1651119448715606,0.19930386315113618,0.8272835215814319,0.4528546122311944,0.9771696754247259,1.175413617548975,1.1335828497624545,1.2143279447034243,0.6970216265519807,0.7408020626792666
-0.7993149355976437,-0.39763579795261667,1.3823176289033663,-3.0396502814598163,0.5141463500588055,-2.116795067936598,-0.20019622651464894,-1.5028411456392272,-0.21813130729535468,0.19122862767414248
-2.4198684774731394,0.9979147454696659,1.0923745339719129,1.237615377323323,1.172944402504748,1.4417197445778214,1.3846496547273204,1.6540679714601858,-0.4900843600646919,1.5340350135001855
0.9867296188521156,0.9939578934002544,1.5912638117095894,1.237615377323323,1.6994523933755177,0.1406496184831637,0.8893295074611861,0.015444896751365933,1.5697898169507976,0.7408020626792666
-0.3979786338107445,-3.218022781668251,-2.477951997450813,-2.430853074383901,-1.1276321067830788,0.1123114366501657,-0.2290224326307204,0.17066327569990447,-0.6951975021552804,0.19122862767414248
-0.39684866617048525,0.005635088043091655,0.5267234785992235,-0.6956258545767376,0.7242567419301028,0.9074512138305576,0.3329593711594173,-0.7436981244439307,-0.13676710797431976,-0.6020043231467764
0.8213701361744351,0.8006943779520389,1.3550269560531092,-0.35304174267881977,1.4258573359993711,1.4062904054595338,1.385643641180355,1.3695463236519627,0.6970216265519807,0.19122862767414248
0.6649913951906344,0.19930386315113618,-0.9045938160102178,-1.0906119407127226,-0.9732216274661035,-0.09022716942739484,-1.2440790609659198,-1.3127414200603769,-1.4900067808090651,-1.9448107089728195
0.6649913951906344,0.7813670205333515,-0.15469641551995972,-0.06689994169912217,-1.2261345609607266,-1.3145641334709166,0.08189256619455153,0.17066327569990447,-0.13676710797431976,-1.1515777581519007
0.8239432175601143,1.4056364851625243,1.5912638117095894,1.237615377323323,1.6994523933755177,1.915533307752943,1.9109917897377893,1.6540679714601858,1.5697898169507976,1.5340350135001855
0.6831604013037572,0.40396384634515237,0.35983923573935944,0.12269454694535395,1.040654340929575,0.9161986478054188,0.8458823895648852,-1.0282197722521538,-0.21813130729535468,-0.6020043231467764
-0.037077982965778154,-0.14794104393415822,0.3036944061551014,-1.8356867979362488,1.4608751246721696,-0.3669370071206737,0.06847344958955058,0.6104033024566661,-0.21813130729535468,0.9844615784950614
1.5430516341893907,0.974630535981567,1.105582317184271,0.6424491008756705,1.2507647328008724,1.6492271807240966,1.9109917897377893,0.7397065713163504,1.1317030779633879,1.5340350135001855
0.8249533815253962,0.6285140173881993,-0.2736009485462025,0.2056109286523128,-0.4688340543371365,0.3998645882267203,0.8815220583445541,-0.30395809768716914,-2.8398411660678073,0.7408020626792666
0.6649913951906344,1.4056364851625243,0.2798609483797265,0.5023828612429883,-1.781109428663547,-1.3483371958996324,-0.7389634916770841,-1.7873627934474503,-0.13676710797431976,-1.7011511931570247
0.5022049938986332,1.4056364851625243,-0.43299521112279865,-0.5372977503524431,-0.4610493013866092,-2.116795067936598,-0.7099294768388188,-2.417202545783063,-0.17915185142283857,-1.1515777581519007
-0.9754256001149646,-1.212674017678504,-1.603232294047049,0.2831888293884187,-2.201330212406141,0.410268298891153,-0.19238877739801682,-0.8730013933036154,-1.0943047852701742,-1.3952372739676955
-0.2573273474509702,-1.0070287588602516,0.29048662294274336,-0.4618860278351072,-0.25093890951531195,-0.10063088009182758,0.05967201401988367,0.45518492350812756,0.654636883103462,-1.1515777581519007
-2.060097794268432,1.2123729697143086,1.3823176289033663,0.6979321175913059,1.2364290680095973,-1.8755145693616062,1.6367104461452209,1.6540679714601858,1.1740878214119066,0.9844615784950614
-0.2573273474509702,0.19930386315113618,1.1187901003966292,1.237615377323323,1.6994523933755177,-0.10063088009182758,1.9109917897377893,0.6104033024566661,1.5697898169507976,-1.1515777581519007
-0.23406226487848406,-0.16969160527050142,-0.9955192987280012,1.237615377323323,-0.650477569376383,-0.574444443266949,-0.9776051664899835,0.17066327569990447,-0.21813130729535468,-2.7380436597937385
-2.4198684774731394,0.01258070209174245,-1.6340021464752843,-1.043421373654497,-0.7346443587627556,-0.09022716942739484,-2.030289436510921,-0.7436981244439307,-0.5748538469617295,-1.1515777581519007
-0.7602723120891357,-1.600011567894593,1.341819172840751,1.237615377323323,-0.3285547870609366,1.915533307752943,1.1113622975877866,0.9298062968952011,1.5697898169507976,0.9844615784950614
1.3460673522766846,1.0019603395069867,1.1460807732468863,0.7733438401086419,1.2364290680095973,1.381264777005679,1.6455118817148877,0.49006627013843956,1.1317030779633879,0.7408020626792666
0.478939911326147,0.8046512300214503,-0.2108412451042177,0.7178608233930065,0.03699181265210979,0.4069557455120098,0.8402707220765163,-2.6668428469609737,1.1317030779633879,1.5340350135001855
0.5060395728211544,0.19930386315113618,0.2484246829963846,-0.38126289813792996,0.7242567419301028,0.6749181492304275,0.34176080672908415,0.45518492350812756,0.6970216265519807,0.9844615784950614
-0.8126391988229633,0.8086968240587712,-0.2084026547949331,0.24746301473968563,-1.2261345609607266,0.47781442374858474,0.05967201401988367,-1.3127414200603769,0.2589348875645711,-1.1515777581519007
-2.074865171239172,1.2119677100544797,1.5912638117095894,1.237615377323323,1.2157469441280737,1.6742528091779516,1.6367104461452209,1.6540679714601858,-1.8043445770269209,0.9844615784950614
-0.6316837914178393,-0.2149582309305438,-0.2084026547949331,0.7178608233930065,0.787741407434952,-0.5994700717208038,-0.47789345596732286,-0.5884797454953923,-0.9705558425006204,-1.3952372739676955
-0.38309145316502746,1.4056364851625243,0.7761681174680617,1.237615377323323,-2.201330212406141,-1.3750191010430588,-2.03590110399929,-0.8730013933036154,1.0927236220908718,0.19122862767414248
0.44235056552834107,0.6109824549134057,-0.7319917702212635,-0.38126289813792996,-0.25093890951531195,-0.10063088009182758,-0.45225701793254947,-1.7873627934474503,-0.17915185142283857,-0.6020043231467764
0.8692118851682447,0.006040347702920616,-0.6115237533112774,0.7178608233930065,-0.13810079054638894,-0.09022716942739484,-0.19899443133942046,-1.5028411456392272,-1.0908994976941713,-2.4943841439779435
-0.25858884498781226,-3.1986954242495633,-0.25638236462855446,-0.4360025543295651,-0.6996265700899571,-0.10063088009182758,-1.5173664181054536,-1.3127414200603769,-3.6736299005941087,-1.1515777581519007
0.8239432175601143,0.19930386315113618,0.29048662294274336,-0.5175405482855406,0.7242567419301028,0.9074512138305576,0.8593015061698862,0.45518492350812756,0.2589348875645711,0.19122862767414248
-1.0103204985957903,0.2583255819312165,-0.3488713312300812,0.7178608233930065,-0.0058107289712161425,-1.4191958741362076,-2.2957693445338228,-1.3476227666906888,-0.013018165204766135,-0.6642587265203111
0.30522071198592726,-3.0327617123267676,-2.32583902168705,-0.8317320009895504,-1.1483142306646021,-1.0482580064420703,-1.5017515198721891,-1.7524814468171386,-3.1965637057341825,-2.4943841439779435
-2.4198684774731394,1.0023655991668157,1.5912638117095892,0.3363341641504859,1.4608751246721696,1.915533307752943,0.06286178210118173,1.6540679714601856,1.5697898169507976,0.7408020626792666
1.2018829068779444,-0.021694715482328243,1.132872990034528,-0.03334030526915907,-0.020146393762491357,0.9324768422844124,0.6072407147519857,0.8949249502648892,0.30131963101308995,1.5340350135001855
1.367060773347047,0.9939578934002544,0.041041984073905115,0.15842036159408707,1.2157469441280737,1.4417197445778214,1.1247814141927877,0.17066327569990447,0.7360010824244969,0.7408020626792666
-1.3385979124620548,0.8086968240587712,0.22113401014612735,0.9986641434018511,-1.6541400976538485,-0.3315076680023861,1.1191697467044188,0.32588165464844304,1.1740878214119066,1.5340350135001855
0.32382266787918823,-0.017315418219023843,0.5687854185455823,0.4034978669541986,0.2120844158506084,0.1423058951727353,1.3934510902969872,0.45518492350812756,0.2589348875645711,0.9844615784950614
0.33941859260663193,0.19930386315113618,1.0544669130709008,-0.6810800596896767,1.040654340929575,-0.35818957314581257,0.5938215981469848,-0.7436981244439307,0.6970216265519807,0.19122862767414248
0.46203240274986607,1.4056364851625243,-0.7790831356385102,-2.027447464799495,-1.7176247631586978,-1.1087129740142128,0.6072407147519857,0.7397065713163504,-0.013018165204766135,-0.6020043231467764
0.4680071132779285,0.19930386315113618,0.012187827339904433,-0.06689994169912217,-0.6218062397938326,0.44238508463029735,-0.44125980073461923,-1.5028411456392272,-0.6951975021552804,0.19122862767414248
-0.25367438473702697,-1.8479175048595844,0.5267234785992235,-0.776248984273915,-1.030359833880705,-1.0482580064420703,-2.2957693445338228,-0.5535983988650802,0.2589348875645711,-2.4943841439779435
-0.9119182090307291,-0.8625834614816611,0.29048662294274336,0.7117345519543669,0.7242567419301028,1.647570904034525,0.09531168279955252,-0.7436981244439307,1.0927236220908718,0.19122862767414248
-0.21690342273064303,-0.21891508299995532,0.5555776353332242,0.008511780818213731,-2.201330212406141,-0.8157249418419402,-1.523972072046857,0.17066327569990447,1.1317030779633879,0.19122862767414248
-1.6935238527789587,0.21175716295501834,0.8834283511656899,1.237615377323323,-2.201330212406141,0.9854010493524222,-1.7648095284880196,1.0850246758437398,-0.8891916431795855,1.5340350135001855
1.705838035481392,1.1846379065290598,1.5912638117095894,1.0122950740301138,1.4608751246721696,1.915533307752943,1.9109917897377893,1.6540679714601858,1.5697898169507976,1.5340350135001855
1.3646693081699457,0.7892979102062383,1.07672816045027,0.472783318032895,1.4608751246721696,1.4062904054595338,0.851494057053254,1.6540679714601858,1.0927236220908718,0.19122862767414248
-0.2573273474509702,-0.004950860383051048,-1.8436234687488757,-1.2405205214885962,-0.25093890951531195,-0.09188344611696646,-1.2662996131405877,-0.4940578232660197,-1.9636676880929882,-0.6020043231467764
0.6635482814452143,-0.5778186046231886,1.132872990034528,-0.29972490418195435,0.9771696754247259,-0.8424068469853667,0.8505000706002193,0.45518492350812756,-0.21813130729535468,1.5340350135001855
-0.45431162936367614,1.2119677100544797,-0.13992514842385828,0.4864142486611575,-0.25093890951531195,0.20276086274487767,-0.19238877739801682,-0.30395809768716914,0.7783858258730156,1.5340350135001855
-1.898754506721851,0.6070256028439943,1.07672816045027,0.14461792723102634,1.2079621911775464,1.381264777005679,1.3846496547273204,1.3695463236519627,1.1317030779633879,0.7408020626792666
1.3460673522766846,0.7962435242548891,1.3823176289033663,0.43309741016429204,1.2157469441280737,1.4062904054595338,1.6367104461452209,0.9298062968952011,0.654636883103462,0.9844615784950614
1.2275394546275318,1.4056364851625243,1.3823176289033663,0.4528546122311944,0.22621562789138383,-0.40236634623896117,-1.0086271542343184,1.6540679714601858,1.0927236220908718,0.19122862767414248
0.14004284551682475,-1.9559091420045231,-0.32887067170491935,1.237615377323323,1.4893420015042205,1.4417197445778214,-1.2875261788622205,1.6540679714601858,-2.401754427080398,0.7408020626792666
1.3608347292474245,1.2039652639477472,1.5912638117095894,1.237615377323323,0.9837205872654738,1.4166941161239663,1.9109917897377893,1.6540679714601858,1.5697898169507976,1.5340350135001855
-0.7760498530251575,0.815237178447593,-1.8931753889785028,-0.5311714789138033,-1.781109428663547,0.49409261822757866,-1.2528804965355869,0.6104033024566661,-1.528986236681581,1.5340350135001855
0.35400435336879366,1.4056364851625243,0.05268628340251979,-1.6794804419869371,-2.201330212406141,-0.06520154097354001,-0.9952080376293172,0.17066327569990447,-0.6138333028342456,-0.6020043231467764
-0.830808204936086,0.19930386315113618,0.84049130479379,-0.21680852247499555,-0.6789444462084336,-1.0466017297524988,-2.2957693445338228,1.0850246758437398,0.2589348875645711,1.5340350135001855
-0.018908976852655253,1.4056364851625243,-0.7097305228418942,1.237615377323323,-0.938203838793305,-1.8488326642181803,1.1113622975877866,0.45518492350812756,1.1740878214119066,0.19122862767414248
0.772273348686408,-0.8375434545278736,-0.23813191795447508,0.430931231945522,0.7734057426436768,1.3829210536952508,-0.20361211237475452,1.2143279447034243,-0.33847496248890585,0.19122862767414248
1.5653065527965948,0.974630535981567,1.3129650161067503,0.9925378719632115,1.6994523933755177,1.4150378394343948,0.3319653847063825,1.6540679714601858,1.5697898169507976,1.5340350135001855
1.905213782571199,1.4056364851625243,1.5912638117095894,1.237615377323323,1.6994523933755177,1.915533307752943,1.9109917897377893,1.6540679714601858,1.5697898169507976,1.5340350135001855
0.8239432175601143,0.38602702421052987,0.08154044013652045,-0.06689994169912217,-1.991219820534844,-1.1087129740142128,-0.9842108204313871,0.32588165464844304,0.2589348875645711,-0.3583448073309816
-0.2573273474509702,-1.0672434446756773,0.5960760913958396,0.9568120573144784,-0.4610493013866092,-0.10063088009182758,0.08189256619455153,0.45518492350812756,1.5697898169507976,0.4348881434899373
-0.40277329038655246,-0.8581726052627169,-1.5380340002957795,-2.901079379302424,0.14327901978028484,-0.3152294735233924,0.3029313698681173,-0.5884797454953923,0.3826838303341248,0.9844615784950614
-0.7784413182022586,-1.0747690746887353,0.012187827339904433,0.2077771068710828,-2.201330212406141,0.9178549244949904,-0.9785991529430184,-1.942581172395989,1.5697898169507976,0.19122862767414248
1.1456814412215957,-1.423069462351762,1.1040188333005274,-0.7304368049666724,0.8020770722262273,-0.365280730431102,-0.4500612363042862,-0.26907675105685713,1.5697898169507976,-3.837190529803987
-0.19961305068621923,-0.7884533841444429,-2.210400430247952,-0.7920460931209475,-1.4569270767135474,-0.8424068469853667,-0.16697845714205092,-1.3127414200603769,1.5697898169507976,-0.3583448073309816
-0.058384550141301096,-1.4146617565852002,-0.2513397011668331,0.2831888293884187,-2.201330212406141,0.37483895977286547,-1.2440790609659198,0.17066327569990447,0.6970216265519807,0.7408020626792666
1.0061601225020806,0.6109824549134057,0.29048662294274336,1.237615377323323,1.6994523933755177,1.1399842784306877,1.9109917897377893,-0.019436449878946136,1.5697898169507976,0.9844615784950614
-0.09088798344502576,-2.6425715351087025,0.22113401014612735,0.28931510082705847,-2.201330212406141,-0.8140686651523686,-1.7838403125813898,-1.7524814468171386,-0.13676710797431976,0.19122862767414248
1.0647530533355305,-1.612376125730566,-0.4462029943351567,-2.1500497543750563,-0.4610493013866092,-1.1087129740142128,-1.2440790609659198,-0.30395809768716914,-1.0519200418216554,-2.4943841439779435
-0.2573273474509702,0.19930386315113618,-1.0102905658241026,-0.3119774470592338,-1.2261345609607266,-0.10063088009182757,-1.2440790609659198,-1.4679597990089155,-1.0519200418216554,-1.9448107089728195
0.5877965084639233,-0.4399136616334198,0.3325485628891021,1.237615377323323,-0.25093890951531195,-0.10063088009182758,0.6238495994382846,0.17066327569990447,0.25552959998856845,1.5340350135001855
-0.2573273474509702,-0.5843589590120104,-1.0102905658241024,1.237615377323323,-0.25093890951531195,-2.116795067936598,-0.19238877739801682,0.17066327569990447,1.5697898169507976,0.19122862767414248
-0.05795160036116302,-0.4140459498259103,-0.5518997441490414,0.47890958947153456,0.485679473226755,0.39820831153714864,-0.19238877739801682,-1.0282197722521538,-1.9670729756689909,0.4348881434899373
-0.2951781907856182,-1.6233673338165375,-1.495972060349421,-1.8972960860905237,-0.4610493013866092,-0.6098737823852366,-0.7099294768388188,0.17066327569990447,-1.9246882322204717,-2.4943841439779435
0.8239432175601143,0.19930386315113618,-0.9475308623821177,-1.5570496561461737,-0.17311857921918744,-1.3145641334709166,-1.2440790609659198,0.6452846490869781,-2.3627749712078816,-1.1515777581519007
-0.7530361040242313,-1.428164910556737,-1.0987687317203392,0.15842036159408707,-2.201330212406141,-2.116795067936598,1.385643641180355,0.6452846490869781,-3.1965637057341825,1.5340350135001855
-1.1138169511942202,1.4056364851625243,-2.3995459204871854,1.237615377323323,-0.25093890951531195,-0.574444443266949,-0.19238877739801682,-0.11385837210831859,-0.13676710797431976,1.5340350135001855
0.8239432175601143,0.19930386315113618,0.29048662294274336,0.4171287975824613,0.7242567419301028,0.9074512138305576,0.8593015061698862,-0.30395809768716914,0.2589348875645711,0.19122862767414248
0.6210343114313412,1.002365599166816,-0.3561613445551765,0.24746301473968563,1.6994523933755177,-0.1110345907562603,0.3283416901240832,-0.11385837210831859,1.5697898169507976,0.19122862767414248
-0.9730341349378632,1.4056364851625243,-0.21901960284568792,-1.242686699707366,0.41564389588115774,-0.10063088009182758,-0.20899766208431586,-1.7524814468171386,0.7360010824244969,-0.6020043231467764
-1.857320418036242,-0.3747568481243467,0.29048662294274336,0.08375199960075147,-0.7282978996725076,-0.6082175056956649,-2.2957693445338228,0.17066327569990447,-1.9670729756689909,0.19122862767414248
0.2271972775025122,-1.8329694447042015,-0.6692320667792788,-2.0746380318577207,-1.9484172789115182,-0.5373588274590898,-2.043708553115922,-0.6233610921257041,-0.6562180462827645,-2.4943841439779435
-0.7185868898319665,-0.7955592965948484,0.26319595009248603,0.541897265376793,0.02265614786083453,0.16733152362659012,-0.19800044488638566,-1.7524814468171386,0.6970216265519807,-0.9079182423361057
0.4436120630651831,0.40971649335845794,-0.7047010973710062,0.13632547757361657,0.7242567419301028,0.37318268308329383,1.1247814141927877,0.17066327569990447,0.2589348875645711,-0.6020043231467764
1.5873101378322392,0.8246301598383905,1.5912638117095894,-1.5509233847075343,1.2507647328008724,-0.8674324754392214,-1.221858508791252,0.6452846490869781,1.5697898169507976,1.5340350135001855
0.2994276176664428,-0.9647508951794486,-1.392713900844821,-0.6285065817168115,0.4713438084354796,0.13190218450830257,0.579408495088949,-1.5028411456392272,0.30131963101308995,0.19122862767414248
-1.3385979124620548,-0.574560717961384,-0.40414105438879794,0.24746301473968563,-0.503851843009935,0.37318268308329383,-0.4666701209905852,0.17066327569990447,0.2589348875645711,0.19122862767414248
0.14387742443934598,-0.5913045730606611,-1.8526769329158874,0.7733438401086419,-0.6646087814171585,0.4086120222015814,-1.7616197604067216,-0.5884797454953923,1.5697898169507976,0.19122862767414248
-0.2573273474509702,-1.0070287588602516,-1.0102905658241024,-1.3714152607215675,-0.25093890951531195,-0.10063088009182758,-0.19238877739801682,-0.7436981244439307,-1.0519200418216554,-1.1515777581519007
-0.33699423780019316,1.4056364851625243,0.84049130479379,1.237615377323323,0.8020770722262273,-0.04017591251968523,0.8737146092279218,-0.33883944431748103,-0.09778765210180365,1.5340350135001855
0.49837041497611195,0.6150280489507266,-0.2084026547949331,0.5480235368154327,-1.2261345609607266,0.16733152362659012,-0.9842108204313871,-0.8730013933036154,-0.6951975021552804,0.19122862767414248
-1.3385979124620548,0.9939578934002544,-1.0507890218867177,0.1720512922223497,-0.9240726267525295,-1.6342340707866154,-1.2719112806289565,0.17066327569990447,1.5697898169507976,-1.1515777581519007
-0.7993149355976437,0.19930386315113618,-1.2738180943308401,0.9568120573144784,-0.4895161782186599,-1.5808702604997626,-1.2362716118492876,-1.0282197722521538,-1.4476220373605462,0.19122862767414248
1.7229968776292328,1.4056364851625243,-1.4347845673034416,-0.7960061863408173,-0.8747191732884557,-1.5808702604997626,-2.2957693445338228,0.9298062968952011,1.5697898169507976,-1.1515777581519007
0.480201408862989,-0.7970213883127589,-0.20424833574958645,-1.0906119407127226,-0.25093890951531195,-0.8157249418419402,0.5938215981469848,-0.26907675105685713,-1.0519200418216554,-1.1515777581519007
0.14160576293722205,-1.0026666471310113,-1.449555834399543,1.0122950740301138,-0.20178990880173792,-0.35984584983538415,-0.4500612363042862,0.015444896751365933,-1.9280935197964753,-0.3583448073309816
-0.17930391296755518,0.19930386315113618,0.041041984073905115,0.02826898288511602,-2.201330212406141,0.44238508463029735,-2.2957693445338228,0.45518492350812756,-1.0943047852701742,1.5340350135001855
-0.9802703430027677,1.2039652639477472,1.5912638117095894,1.237615377323323,1.4893420015042205,-1.5825265371893342,1.6455118817148877,0.17066327569990447,1.5697898169507976,0.19122862767414248
-0.40408487423538964,-0.6630904829264657,1.105582317184271,0.18585372658541047,-2.201330212406141,-1.1070566973246412,-0.9842108204313871,0.2055446223302166,-1.9636676880929882,-0.3583448073309816
-0.45532179332895817,1.4056364851625243,-0.8493240928515009,1.237615377323323,-0.2937414511386378,-2.116795067936598,-1.7916477616980218,-0.8730013933036154,0.6970216265519807,-1.1515777581519007
1.905213782571199,1.4056364851625243,-0.4536929746184246,0.6760087373056336,1.6994523933755177,1.915533307752943,1.9109917897377893,1.6540679714601858,1.5697898169507976,1.5340350135001855
0.4250101071719221,0.9636393278955953,-1.7033547592719007,1.237615377323323,1.6994523933755177,-0.10063088009182758,-0.7253365663498893,-0.7436981244439307,0.6156574272309459,0.4348881434899373
0.6844218988405992,-1.007505574953926,-0.3272984613089139,1.237615377323323,-0.41169584792253533,0.348157054629439,-0.2234107651423515,-0.14873971873863054,-0.6528127587067617,0.19122862767414248
0.6611568162681131,0.20771156891769746,-2.2053710047770636,-1.2960035382042314,-0.9318573797030567,-1.1070566973246412,-0.22022099706105355,-2.227102820204212,-1.9246882322204717,-2.4943841439779435
0.09860875683121569,0.4009035279320677,-1.3579419742235574,0.9568120573144784,0.5426132268908563,-1.5808702604997626,-0.4945023406536219,-0.6492762022145583,-0.17574656384683593,-0.9079182423361057
-0.8297980409708043,-2.223858587329873,-1.2060289654179674,-2.312210878028209,-0.7567647765045581,-0.5477625381235226,-1.006431372606055,-2.6668428469609737,-1.4476220373605462,-0.3583448073309816
0.10345349971901882,0.17336459490978137,-1.2324445318426833,0.6424491008756705,0.46499734934523157,0.10522027936487617,0.07309113062488468,-0.30395809768716914,-0.6562180462827645,-1.7011511931570247
-0.07398047486874482,0.8086968240587712,0.8561376783154326,-1.1241715771426857,0.8020770722262273,-0.33316394469195776,-1.7916477616980218,0.17066327569990447,-0.17574656384683593,0.7408020626792666
-0.9865581996359907,-0.013692269375595902,0.249988166880128,0.7474603666030999,-0.25093890951531195,-2.116795067936598,1.3912553086687238,-2.261984166834524,1.5697898169507976,-0.052430888141652365
1.905213782571199,0.21175716295501834,-1.9006566427495089,0.3363341641504859,0.2675798756544306,-2.116795067936598,-0.19238877739801682,-0.3983800199165416,-1.2146484404637252,-3.837190529803987
-1.1011897058290216,-0.3339410761614539,-2.1633090648307047,1.237615377323323,1.4893420015042205,-0.8424068469853667,0.2829065993217127,0.17066327569990447,-1.1756689845912087,-0.6020043231467764
0.2123429030437375,0.40461541874340495,-0.2084026547949331,0.014638052256853466,1.279231609632923,1.6492271807240966,-1.019850489211056,0.8949249502648892,-0.9671505549246178,1.5340350135001855
-0.0603430655382643,-0.6309989344220539,-2.1021215717847257,-0.23673722827669605,0.7242567419301028,-0.8674324754392214,0.5938215981469848,0.45518492350812756,-1.4866014932330622,0.19122862767414248
-2.4198684774731394,0.9913743910808442,1.5912638117095894,0.9986641434018511,0.27556908135545766,-0.04017591251968523,0.10311913191618469,1.3695463236519627,1.1740878214119066,1.5340350135001855
0.539804503661721,-1.8135705308516683,-2.5184504535134287,0.47890958947153456,-0.6996265700899571,-0.8674324754392214,-0.20019622651464894,-0.11385837210831859,-3.2355431616066985,-0.6020043231467764
0.8239432175601143,0.7897031698660673,-0.08949812176869035,1.237615377323323,1.2079621911775464,0.9074512138305576,0.8593015061698862,0.17066327569990447,1.1317030779633879,-0.3583448073309816
-0.05285552390179977,-1.8646613599588615,-1.3158800342771988,0.21390337830972256,-1.1976676841286762,0.4086120222015814,-2.03590110399929,-2.227102820204212,0.2589348875645711,0.19122862767414248
-0.05795160036116302,-3.4196940028830283,-2.0054782861378526,-2.1857755690237894,-1.0653776225535032,-0.10063088009182758,-2.043708553115922,-0.8730013933036154,-3.6736299005941087,-1.1515777581519007
-1.5537512004878835,-2.2258146806755215,1.3550269560531092,0.7474603666030999,-0.6711596932579064,-0.574444443266949,-1.7916477616980218,0.8005030280355168,0.2589348875645711,1.5340350135001855
-2.4198684774731394,-1.9909722669541101,-1.6553750494382793,-2.1780994060993684,-0.13830524329688867,-1.8842620033364679,-0.41100568166451174,-0.42429513000539565,-3.6736299005941087,-3.043957578983068
-1.1309757933420612,1.4056364851625243,1.5912638117095894,1.0122950740301138,1.2079621911775464,1.4062904054595338,1.6589309983198888,1.6540679714601858,1.5697898169507976,1.5340350135001855
-1.0130251098780525,1.4056364851625243,1.5912638117095894,1.237615377323323,1.6994523933755177,-0.8761799094140825,1.1335828497624545,0.015444896751365933,1.5697898169507976,1.5340350135001855
-0.19760444897726095,1.0022940427329703,1.5912638117095894,1.237615377323323,1.4608751246721696,1.4166941161239663,1.9109917897377893,-3.1414642203480474,1.5697898169507976,1.5340350135001855
-0.4382827548560943,-0.4125838581079998,-0.03736409288972232,-0.29222024499233146,0.4713438084354796,-1.1087129740142128,-1.5095589689888214,-1.5028411456392272,1.5697898169507976,-1.1515777581519007
1.905213782571199,1.4056364851625243,1.5912638117095894,1.237615377323323,1.6994523933755177,1.915533307752943,1.9109917897377893,1.6540679714601858,1.5697898169507976,1.5340350135001855
1.742427381279198,1.2039652639477472,1.5912638117095894,-3.980445898766458,-2.201330212406141,-2.116795067936598,-1.2338497124422168,1.6540679714601858,1.5697898169507976,0.7408020626792666
1.708229500658493,1.4056364851625243,1.5912638117095894,1.237615377323323,1.6994523933755177,1.915533307752943,1.9109917897377893,1.6540679714601858,1.5697898169507976,1.5340350135001855
-0.18396703964678038,-1.612376125730566,0.29048662294274336,0.4506884340124244,0.7242567419301028,-1.1087129740142128,-0.19238877739801682,0.8005030280355168,-1.0519200418216554,-1.1515777581519007
1.1456814412215957,1.1846379065290598,1.5912638117095894,0.9568120573144784,1.2157469441280737,0.6749181492304275,1.399062757785356,0.17066327569990447,1.5697898169507976,0.19122862767414248
1.905213782571199,1.4056364851625243,1.5912638117095894,1.237615377323323,1.6994523933755177,1.915533307752943,1.9109917897377893,1.6540679714601858,1.5697898169507976,1.5340350135001855
-0.06052468174684221,-2.2133613808716395,-1.248090905364326,-1.282372607575969,-0.938203838793305,-1.0482580064420703,-0.4666701209905852,-1.0282197722521538,0.2589348875645711,0.19122862767414248
0.30138613306340606,-0.6284326176367077,-0.31566288849256124,-0.8319035047243484,-0.06151064152553807,0.19235715208044493,0.3329593711594173,0.17066327569990447,-0.5748538469617295,-0.6020043231467764
0.21748906581509594,0.005635088043091655,1.105582317184271,-0.4618860278351072,0.27556908135545766,-2.116795067936598,-0.4578686854209183,1.1794465980731121,1.5697898169507976,1.5340350135001855
-0.9948561037649295,0.6070256028439943,0.5399312618115816,1.0122950740301138,0.46499734934523157,0.4086120222015814,-0.19238877739801682,1.3695463236519627,1.1317030779633879,1.5340350135001855
0.5060395728211544,0.6135659572328163,0.38210048311872885,1.237615377323323,-2.201330212406141,-0.36859328381024525,0.31173280543778414,-0.5884797454953923,-0.21813130729535468,1.5340350135001855
0.8239432175601143,0.19930386315113618,-0.8913860327978598,-0.7960061863408173,-1.2261345609607266,-1.8488326642181803,-1.2440790609659198,-1.3127414200603769,-0.5324691035132106,-1.1515777581519007
1.2004397931325246,1.4056364851625243,1.3550269560531092,0.9986641434018511,0.787741407434952,1.6742528091779516,1.6367104461452209,1.0850246758437398,1.1317030779633879,1.5340350135001855
0.047252034062670006,-0.39763579795261667,0.05424976728626316,-0.3058511756205941,-0.9875572922573789,-0.07394897494840115,-0.4666701209905852,0.17066327569990447,-0.17915185142283857,-1.1515777581519007
-0.2573273474509702,-1.0070287588602516,-0.16790419873231777,-0.5509286809807057,-0.25093890951531195,-0.10063088009182758,-0.7399574781301188,-0.7436981244439307,-1.0519200418216554,-1.1515777581519007
0.6649913951906344,-1.7990992867899593,-2.0327689589881093,-2.102859187316831,-0.4260315127138106,-0.10063088009182758,-0.9842108204313871,-1.0282197722521538,-1.885708776347956,-3.837190529803987
-1.342432491384576,-1.1694108783734647,-2.8751553260798945,-0.2722915391906309,0.051123024692885204,0.6749181492304275,-0.19238877739801682,0.8005030280355168,-1.4476220373605462,-0.6020043231467764
0.6417263126181483,0.21175716295501834,-0.16790419873231777,-3.735368393406347,-1.2261345609607266,-2.116795067936598,-1.2440790609659198,-0.5535983988650802,-1.528986236681581,-2.4943841439779435
0.8239432175601143,-0.6102982272533651,-0.2736009485462025,-2.675930579744013,-1.2261345609607266,-0.8407505702957951,-0.9785991529430184,-0.11385837210831859,-0.9705558425006204,-2.4943841439779435
0.8239432175601143,1.4056364851625243,-1.0102905658241024,-0.8256057295509107,-0.6996265700899571,-1.1087129740142128,0.07528691225314793,-0.30395809768716914,-0.6138333028342456,-0.6020043231467764
0.8239432175601143,0.19930386315113618,0.3036944061551014,-0.3058511756205941,0.0019740239793111774,0.16733152362659012,0.5938215981469848,0.45518492350812756,0.2589348875645711,-0.6020043231467764
-0.2573273474509702,0.7977056159727997,1.5912638117095894,1.237615377323323,-0.4895161782186599,-1.1087129740142128,1.9109917897377893,0.45518492350812756,1.5697898169507976,0.19122862767414248
-0.2573273474509702,-0.6495873289549289,-0.8913860327978598,-0.19705132040809323,-2.201330212406141,-0.5640407326025163,-1.2719112806289565,-0.8381200466733032,-0.09778765210180365,-0.6020043231467764
