,MD1,MD2,MD3,MD4,MD5,MD6,MD7,MD8,MD9,MD10
0,6,6,6,6,100,0.5,0.5,0.5,0.5,0.5
1,2,2,2,3,12,0.75,1.0,0.5,0.75,0.75
2,2,6,2,3,3,1.0,1.0,1.0,1.0,1.0
3,3,12,2,3,12,1.0,0.75,0.75,1.0,1.0
4,3,3,6,6,12,0.75,0.75,0.75,1.0,1.0
5,2,6,2,3,100,0.75,0.5,1.0,1.0,0.25
6,100,12,12,12,12,0.0,0.75,0.5,0.75,0.5
7,2,3,3,2,2,1.0,0.5,1.0,0.75,1.0
8,2,6,3,6,12,1.0,0.75,1.0,0.75,0.25
9,2,6,2,6,100,0.5,0.5,0.5,0.5,0.5
10,2,2,2,2,2,1.0,1.0,1.0,1.0,1.0
11,6,100,6,12,12,0.25,0.25,0.5,0.5,0.5
12,6,100,6,12,6,0.75,0.75,0.75,0.75,0.75
13,2,6,2,2,12,0.75,0.75,0.75,0.75,0.75
14,6,100,3,3,100,0.25,0.75,0.5,1.0,0.75
15,12,2,12,12,6,0.75,0.5,0.75,1.0,0.0
16,2,2,2,2,12,0.5,0.5,0.5,0.5,0.5
17,2,2,2,2,100,1.0,1.0,1.0,1.0,0.25
18,2,100,12,12,100,0.75,0.0,0.5,0.25,0.0
19,2,2,2,2,2,0.75,1.0,1.0,1.0,1.0
20,2,100,2,2,100,0.5,0.75,0.75,1.0,1.0
21,12,12,12,12,12,0.25,0.5,0.25,0.5,0.5
22,100,2,6,2,100,0.0,0.75,0.5,1.0,0.75
23,2,2,2,2,100,1.0,1.0,1.0,1.0,0.5
24,2,2,2,2,100,0.5,0.5,1.0,1.0,1.0
25,12,2,2,2,2,0.5,1.0,0.5,1.0,0.25
26,12,12,12,12,12,0.5,0.5,0.75,0.75,0.5
27,3,3,3,2,12,0.75,0.75,1.0,1.0,0.5
28,100,2,3,2,12,0.0,0.75,0.5,1.0,0.75
29,12,12,3,3,6,0.75,0.5,0.5,0.5,0.75
30,3,6,3,3,100,0.5,0.5,0.75,0.75,0.5
31,2,3,2,3,2,1.0,1.0,1.0,0.75,1.0
32,3,100,12,3,100,0.75,0.5,0.75,0.0,0.0
33,3,100,2,2,100,1.0,0.25,1.0,1.0,0.0
34,12,6,12,6,12,1.0,0.75,1.0,0.75,0.75
35,2,100,2,100,100,0.5,1.0,0.75,1.0,1.0
36,2,2,2,2,2,1.0,1.0,1.0,1.0,1.0
37,2,2,2,2,2,1.0,1.0,1.0,0.75,1.0
38,3,100,6,3,100,0.25,0.25,0.75,0.75,0.0
39,6,2,2,3,6,0.5,0.75,1.0,0.75,1.0
40,6,100,12,12,100,0.5,0.25,0.5,0.75,0.25
41,2,2,2,2,12,0.75,0.5,0.75,0.5,0.5
42,2,3,2,2,3,1.0,1.0,0.75,1.0,0.75
43,2,12,12,12,100,0.5,0.5,0.75,0.25,0.0
44,2,2,2,2,2,1.0,1.0,1.0,1.0,1.0
45,2,6,6,6,12,1.0,0.75,0.75,0.75,0.75
46,12,6,2,2,3,0.25,1.0,1.0,1.0,1.0
47,2,6,2,3,12,1.0,1.0,1.0,1.0,1.0
48,3,2,2,2,2,1.0,1.0,1.0,1.0,1.0
49,2,2,2,2,12,0.75,0.75,0.75,0.75,0.5
50,12,2,12,12,100,0.0,0.75,0.5,0.75,0.25
51,100,100,100,100,100,0.0,0.0,0.0,0.0,0.0
52,2,6,6,6,3,0.5,0.75,0.75,0.75,0.75
53,12,6,3,100,100,0.75,0.5,0.75,0.5,0.5
54,2,6,2,2,100,1.0,0.5,0.5,0.75,0.75
55,3,6,12,2,100,0.0,0.25,0.5,0.75,1.0
56,2,3,2,2,2,1.0,0.5,1.0,0.75,1.0
57,3,100,12,12,12,0.75,0.0,1.0,0.25,0.25
58,12,12,2,12,12,0.5,0.75,0.5,0.75,0.5
59,2,3,3,3,2,0.75,0.75,0.75,1.0,1.0
60,2,12,2,3,6,1.0,0.5,1.0,0.75,0.75
61,100,2,2,2,2,0.0,1.0,0.5,1.0,1.0
62,100,100,2,2,100,0.25,0.25,0.5,0.75,0.5
63,2,12,2,6,6,0.75,0.5,0.5,0.75,0.75
64,2,2,2,2,2,1.0,1.0,1.0,1.0,1.0
65,2,2,2,2,6,1.0,1.0,1.0,1.0,0.5
66,12,2,3,3,2,0.75,1.0,0.5,0.5,1.0
67,2,2,2,2,100,0.25,0.75,0.75,1.0,0.25
68,2,2,2,2,100,0.5,1.0,1.0,0.75,0.75
69,3,12,3,6,12,1.0,0.75,1.0,0.5,0.5
70,2,3,2,2,12,0.5,0.75,0.75,0.75,0.5
71,100,2,2,2,12,0.25,0.5,0.5,0.5,0.5
72,3,2,2,2,3,0.25,0.75,0.5,0.75,0.75
73,2,12,2,2,3,0.75,0.75,0.75,0.75,0.75
74,6,2,2,2,2,0.25,1.0,0.5,0.75,0.75
75,2,12,2,2,12,1.0,1.0,1.0,1.0,1.0
76,6,6,2,2,100,0.0,0.5,1.0,1.0,0.0
77,2,100,2,12,2,0.5,1.0,0.25,1.0,1.0
78,6,3,2,2,100,0.25,0.75,0.75,0.75,0.0
79,6,3,3,6,6,0.5,0.5,0.5,0.5,0.75
80,2,12,2,3,6,0.75,0.75,1.0,0.75,0.75
81,12,100,12,100,100,0.25,0.75,0.25,0.75,0.75
82,2,3,2,2,12,1.0,0.75,1.0,1.0,0.75
83,2,100,2,6,12,1.0,1.0,1.0,1.0,1.0
84,3,2,3,2,12,0.5,0.75,0.5,0.5,0.75
85,12,12,12,12,100,0.75,1.0,0.5,0.5,0.5
86,2,12,2,2,6,0.75,0.75,1.0,1.0,0.5
87,12,12,12,12,12,0.25,0.5,0.5,0.5,0.5
88,12,12,12,6,100,0.25,0.5,0.75,0.75,0.0
89,2,2,2,2,2,1.0,1.0,1.0,1.0,1.0
90,12,12,6,12,12,0.5,0.75,0.5,1.0,0.75
91,2,2,2,6,100,0.5,1.0,0.5,0.5,0.5
92,3,6,3,3,6,1.0,0.75,1.0,1.0,1.0
93,6,12,2,3,100,0.5,0.5,0.75,0.75,0.0
94,100,2,2,2,12,0.0,1.0,1.0,1.0,0.5
95,100,12,100,12,100,0.5,0.5,0.25,0.5,0.25
96,6,100,3,100,100,0.25,0.5,0.5,0.5,0.75
97,12,100,2,12,100,0.5,0.5,0.5,0.5,0.75
98,2,3,2,2,6,1.0,0.75,1.0,1.0,0.75
99,2,2,2,2,100,1.0,1.0,1.0,1.0,1.0
100,2,2,2,3,100,0.25,0.5,0.5,0.5,0.25
101,100,12,6,6,100,0.0,0.5,0.5,0.75,0.5
102,3,6,2,2,12,1.0,0.5,1.0,0.75,0.25
103,3,2,2,3,2,1.0,0.5,0.75,1.0,0.5
104,2,100,2,3,100,0.5,0.25,0.75,1.0,0.5
105,6,2,2,3,6,0.75,0.75,0.75,0.75,0.75
106,100,12,6,6,12,0.0,0.5,0.25,0.75,0.5
107,2,2,2,2,2,1.0,1.0,0.75,1.0,0.75
108,100,3,3,3,6,0.0,0.75,0.5,0.75,0.75
109,2,2,2,6,12,0.25,0.75,0.5,0.75,0.25
110,2,12,3,3,6,0.5,0.5,0.75,0.5,0.5
111,12,12,6,3,100,0.0,0.5,0.25,0.75,0.25
112,100,100,100,2,100,0.25,1.0,0.25,1.0,0.25
113,2,3,2,2,2,1.0,1.0,0.75,1.0,0.75
114,3,6,6,3,12,0.75,0.75,0.5,0.5,1.0
115,100,100,3,3,100,0.0,0.25,0.25,0.25,0.25
116,2,3,2,2,3,1.0,1.0,0.75,1.0,1.0
117,2,3,2,2,3,0.75,0.75,1.0,1.0,0.75
118,2,3,3,2,2,0.75,1.0,0.75,1.0,1.0
119,6,6,6,6,12,0.5,0.5,0.75,1.0,0.75
120,100,6,2,2,6,0.25,0.5,0.75,1.0,1.0
121,2,2,2,2,2,0.5,0.5,0.5,0.5,0.25
122,6,12,6,6,12,0.25,0.75,0.5,0.75,0.75
123,2,12,2,6,6,0.25,0.5,0.5,0.25,0.5
124,100,100,2,2,100,0.0,0.5,0.75,0.75,0.5
125,2,100,6,12,100,0.75,0.5,0.75,0.5,0.25
126,3,3,3,2,100,0.5,0.75,0.5,0.75,0.5
127,2,2,2,2,100,0.5,1.0,0.5,1.0,0.5
128,2,2,2,3,12,1.0,0.5,1.0,0.75,0.75
129,2,2,3,2,3,1.0,0.75,1.0,0.75,1.0
130,2,2,2,2,2,0.25,0.75,0.5,1.0,1.0
131,2,2,2,2,3,0.75,0.75,0.5,0.75,0.75
132,2,3,2,2,2,0.75,1.0,0.75,1.0,1.0
133,2,3,3,2,2,1.0,0.75,1.0,0.75,1.0
134,2,2,3,3,6,0.75,0.75,1.0,0.75,1.0
135,2,2,2,2,100,1.0,1.0,1.0,1.0,0.25
136,2,2,2,2,2,0.5,0.75,0.5,1.0,0.5
137,2,2,2,2,2,1.0,1.0,1.0,1.0,1.0
138,2,2,2,2,2,0.25,0.5,0.5,0.75,0.75
139,3,6,2,2,100,0.5,0.75,0.75,0.75,0.0
140,100,3,3,2,12,0.0,1.0,0.5,1.0,0.75
141,2,2,2,2,100,0.75,1.0,1.0,1.0,0.25
142,3,6,2,6,100,1.0,0.5,1.0,0.25,0.0
143,2,2,2,2,2,1.0,1.0,1.0,1.0,1.0
144,2,2,2,2,2,1.0,1.0,1.0,1.0,1.0
145,3,6,3,6,100,0.5,0.5,0.5,0.5,0.25
146,2,2,6,100,100,1.0,1.0,1.0,1.0,0.0
147,3,3,3,6,100,0.5,0.75,0.75,0.75,0.5
148,6,2,2,2,100,0.5,0.75,0.75,1.0,0.5
149,100,100,2,2,100,0.25,0.5,1.0,1.0,1.0
150,2,100,2,3,100,1.0,0.0,0.75,0.25,0.0
151,6,2,3,2,100,0.5,0.75,0.75,1.0,0.0
152,3,3,2,12,12,0.75,0.75,0.75,0.5,0.0
153,12,100,2,2,12,0.0,0.0,0.75,0.5,0.0
154,12,12,12,12,12,0.25,0.25,0.5,0.5,0.5
155,6,2,2,2,6,0.25,0.5,0.5,0.5,0.5
156,2,2,2,2,100,0.75,1.0,1.0,1.0,0.0
157,12,12,2,2,12,0.0,0.5,0.75,0.75,0.75
158,2,2,2,12,2,0.25,0.75,0.5,1.0,0.5
159,2,12,2,2,100,0.5,0.5,0.25,0.5,0.0
160,2,2,2,2,100,0.75,1.0,1.0,1.0,0.25
161,2,2,2,2,12,0.5,0.5,0.75,0.5,0.5
162,100,2,2,2,100,0.0,1.0,1.0,1.0,0.0
163,2,3,2,2,100,1.0,1.0,1.0,1.0,0.0
164,3,2,3,2,12,0.75,0.75,1.0,1.0,0.75
165,6,2,2,2,6,0.5,0.5,0.5,0.5,0.5
166,2,2,2,2,100,0.75,0.75,0.5,0.75,0.75
167,12,100,2,100,100,0.25,0.5,0.75,0.5,0.5
168,12,100,100,100,100,0.5,0.25,0.25,0.5,0.0
169,12,6,6,12,3,0.5,0.75,0.5,1.0,0.75
170,2,6,2,3,100,0.5,0.5,1.0,1.0,1.0
171,6,100,6,6,3,0.75,0.0,0.75,0.5,0.0
172,6,2,6,2,12,0.5,0.75,0.75,0.75,0.5
173,100,100,2,6,100,0.0,0.25,0.75,0.75,0.75
174,6,6,6,3,12,0.5,0.5,0.5,0.5,0.5
175,2,2,2,2,2,0.5,1.0,1.0,1.0,1.0
176,12,12,6,6,2,0.25,0.75,0.5,1.0,1.0
177,6,2,2,2,3,0.5,1.0,0.5,1.0,1.0
178,2,3,2,2,100,0.5,0.5,0.5,0.5,0.25
179,2,100,2,3,100,1.0,1.0,1.0,1.0,1.0
180,6,12,2,3,100,0.75,0.75,1.0,0.75,0.0
181,2,2,2,2,2,0.75,0.75,0.75,0.75,0.75
182,100,2,2,2,2,0.0,0.75,0.5,0.75,0.5
183,2,2,2,2,2,0.5,1.0,1.0,1.0,1.0
184,2,2,3,2,12,0.25,0.25,0.5,1.0,0.5
185,100,2,6,6,100,0.5,1.0,0.75,0.5,0.75
186,2,2,2,2,2,1.0,1.0,1.0,1.0,1.0
187,6,100,6,12,100,0.0,0.0,0.0,0.0,0.0
188,3,2,2,2,12,0.75,0.75,1.0,0.5,0.25
189,2,6,2,3,12,0.0,0.75,0.5,0.75,0.75
190,2,3,2,100,100,1.0,0.25,1.0,0.75,0.25
191,100,12,3,3,12,0.75,0.5,0.25,1.0,0.5
192,12,12,3,2,100,0.5,0.25,0.5,0.25,0.0
193,2,2,2,2,100,0.5,0.75,0.75,1.0,0.25
194,100,2,12,2,100,0.0,0.5,1.0,1.0,0.0
195,3,2,2,2,6,0.5,1.0,1.0,1.0,0.25
196,3,2,2,2,6,0.5,0.75,0.75,0.75,0.5
197,2,2,2,2,100,0.5,1.0,1.0,1.0,0.25
198,2,12,2,3,100,0.75,0.25,0.75,0.75,0.25
199,2,2,2,2,2,0.75,1.0,0.75,1.0,0.75
200,2,3,2,2,3,0.75,0.75,0.75,0.75,0.75
201,6,3,3,2,6,0.75,0.75,0.75,0.75,0.5
202,6,3,3,3,100,0.25,0.5,0.5,0.5,0.0
203,2,100,3,3,100,0.75,0.25,0.5,0.5,0.0
204,100,2,100,2,12,0.0,1.0,0.5,1.0,1.0
205,3,6,3,3,6,0.0,0.25,0.25,0.5,0.5
206,2,2,2,2,2,0.75,1.0,0.75,1.0,1.0
207,2,12,2,12,6,1.0,1.0,1.0,1.0,1.0
208,2,6,2,3,6,0.75,0.75,0.75,0.75,0.75
209,6,12,12,100,12,0.25,0.5,0.25,0.5,0.5
210,2,2,2,2,2,1.0,1.0,1.0,1.0,1.0
211,3,2,2,2,2,1.0,0.75,1.0,0.75,1.0
212,2,2,2,2,3,1.0,0.75,1.0,1.0,1.0
213,2,100,2,2,100,0.5,0.5,0.75,0.75,0.25
214,3,12,3,2,3,0.75,0.5,0.75,0.75,1.0
215,2,2,2,2,2,1.0,1.0,1.0,1.0,1.0
216,3,6,3,2,100,0.25,0.5,1.0,1.0,0.0
217,2,6,2,12,6,0.75,0.25,1.0,0.5,0.0
218,3,2,2,2,100,0.5,0.75,0.75,0.75,0.5
219,12,2,2,2,6,0.25,0.5,0.75,1.0,1.0
220,2,2,2,2,12,0.5,1.0,1.0,1.0,1.0
221,100,100,2,2,12,0.0,0.75,0.75,0.75,0.75
222,3,6,2,2,100,0.75,0.75,1.0,1.0,0.0
223,6,12,6,6,100,0.5,0.5,0.5,0.75,0.5
224,3,6,3,6,100,0.5,0.5,0.5,0.5,0.5
225,100,100,100,6,100,0.0,0.5,0.25,0.5,0.5
226,2,12,2,2,12,0.5,0.5,0.75,1.0,0.25
227,100,3,6,6,100,0.0,0.5,0.75,0.5,0.0
228,12,6,12,6,100,0.25,0.25,0.5,0.5,0.0
229,100,100,6,2,100,0.0,0.5,0.5,0.5,0.25
230,3,12,2,6,12,0.75,0.75,0.75,0.5,0.75
231,3,6,2,2,100,1.0,0.5,1.0,1.0,0.5
232,100,12,100,2,100,0.0,0.75,0.5,1.0,0.0
233,3,3,2,2,100,0.5,1.0,1.0,0.75,0.0
234,6,12,3,6,3,0.75,0.5,0.25,0.75,0.5
235,100,2,100,2,100,0.0,0.75,0.25,1.0,0.0
236,6,2,3,6,100,0.5,0.75,0.75,0.75,0.25
237,12,12,12,12,12,0.5,0.5,0.5,0.5,0.5
238,2,2,2,2,2,0.5,0.75,0.75,0.75,0.5
239,12,3,3,3,100,0.25,0.75,0.5,0.75,0.25
240,3,2,2,2,100,0.25,0.75,0.75,1.0,0.0
241,100,12,2,2,100,0.5,0.5,0.75,0.5,0.0
242,100,3,3,3,100,0.0,0.75,0.75,0.75,0.5
243,100,2,3,2,100,0.0,0.5,0.5,1.0,0.0
244,2,2,2,2,100,0.5,0.75,0.75,0.75,0.0
245,100,2,12,3,12,0.25,1.0,0.25,1.0,1.0
246,3,6,3,2,100,0.75,1.0,0.75,1.0,0.75
247,100,100,3,2,12,0.0,0.5,0.75,1.0,1.0
248,100,100,3,2,100,0.25,0.75,0.25,1.0,1.0
249,3,2,3,2,2,0.75,1.0,1.0,0.75,0.5
250,6,6,6,6,100,0.5,0.5,0.5,0.5,0.5
251,6,12,3,6,100,0.5,0.75,0.5,0.75,1.0
252,100,6,3,2,100,0.25,1.0,1.0,1.0,1.0
253,6,12,6,3,6,0.5,0.5,0.25,0.5,0.5
254,100,3,3,3,6,0.25,0.75,0.25,1.0,0.75
255,3,6,3,6,6,0.75,0.5,0.5,0.5,0.5
256,6,12,2,2,100,0.5,0.75,0.75,1.0,0.5
257,12,12,3,6,100,0.0,0.5,0.25,0.5,0.5
258,100,12,2,2,12,0.0,1.0,1.0,1.0,1.0
259,3,3,2,2,100,1.0,0.75,0.75,1.0,0.5
260,100,2,2,2,100,0.0,0.75,0.25,1.0,0.25
261,2,2,2,2,12,0.75,0.75,1.0,0.75,0.25
262,2,6,2,2,12,0.75,0.75,1.0,1.0,0.75
263,12,100,12,12,100,0.75,0.75,0.75,0.75,0.75
264,12,6,3,2,12,0.25,0.5,0.5,0.75,0.5
265,2,3,2,2,3,0.25,0.25,0.5,0.5,0.5
266,3,2,2,2,2,1.0,0.75,1.0,0.75,1.0
267,100,6,3,2,3,0.5,0.5,0.25,1.0,0.75
268,3,2,2,2,3,1.0,0.75,1.0,0.75,0.75
269,2,2,2,2,2,0.5,0.75,0.75,1.0,1.0
270,100,6,3,3,12,0.25,0.5,0.75,0.75,0.5
271,2,2,2,2,12,0.5,1.0,0.75,1.0,1.0
272,12,12,12,12,12,1.0,0.75,0.75,0.75,0.75
273,100,12,100,6,100,0.0,0.75,0.5,1.0,0.5
274,6,3,6,3,12,0.25,0.75,0.5,1.0,0.5
275,12,6,6,6,12,0.5,0.5,0.5,0.5,0.5
276,100,12,12,6,100,0.75,1.0,0.75,1.0,1.0
277,100,100,100,2,100,0.0,0.0,0.0,0.5,0.0
278,3,3,3,3,6,0.75,0.75,0.75,0.75,0.5
279,2,2,2,2,2,0.75,0.75,1.0,1.0,0.75
280,3,12,3,6,100,0.25,0.25,0.25,0.75,0.5
281,100,100,100,2,100,0.0,0.5,0.5,0.75,0.25
282,100,100,100,2,12,0.25,0.5,0.25,1.0,0.5
283,100,100,6,6,100,0.0,0.75,0.75,1.0,0.75
284,100,2,3,2,100,0.0,0.75,0.5,0.75,0.5
285,12,12,3,2,100,0.25,1.0,0.5,1.0,1.0
286,100,3,12,2,100,0.25,0.75,0.25,0.75,0.5
287,100,2,100,2,100,0.0,0.75,0.5,0.75,0.75
288,2,2,2,2,2,0.75,0.75,1.0,1.0,0.75
289,2,100,2,2,100,0.5,0.5,0.5,0.75,0.5
290,2,3,3,12,2,0.75,0.75,1.0,1.0,0.75
291,6,12,3,12,100,0.25,0.5,1.0,0.25,0.0
292,3,3,3,3,100,0.25,0.25,0.5,0.5,0.25
293,3,100,3,6,100,0.75,0.0,0.75,0.5,0.5
294,3,6,2,2,12,1.0,1.0,0.5,1.0,0.5
295,12,100,12,6,100,0.25,0.0,0.25,0.5,0.0
296,100,12,6,12,100,0.25,0.25,0.25,0.25,0.5
297,100,100,2,2,100,0.0,0.5,1.0,1.0,0.5
298,3,6,3,3,6,0.5,0.5,1.0,1.0,1.0
299,3,3,3,3,100,0.5,0.5,0.5,0.5,0.25
300,100,12,6,3,12,0.25,0.75,0.5,0.75,0.75
301,3,2,2,2,100,0.25,0.5,0.5,0.75,0.25
302,2,2,2,2,2,1.0,1.0,1.0,1.0,1.0
303,12,6,12,6,12,0.75,0.75,1.0,0.75,0.5
304,100,3,6,2,100,0.0,0.5,0.5,1.0,0.75
305,6,100,3,2,100,0.0,0.75,1.0,1.0,0.75
306,12,2,2,2,6,0.0,0.5,0.75,1.0,1.0
307,2,100,2,2,100,0.5,0.75,0.75,1.0,0.5
308,100,2,2,100,100,0.0,0.75,1.0,0.75,0.0
309,12,12,3,12,100,0.25,0.25,0.75,0.5,0.0
310,2,2,2,2,2,1.0,1.0,1.0,0.75,1.0
311,12,100,6,2,100,0.25,0.5,0.5,1.0,0.25
312,12,12,100,6,100,0.25,0.25,0.25,0.75,0.25
313,2,100,2,2,100,0.75,1.0,1.0,1.0,1.0
314,3,2,2,2,100,0.25,0.5,0.5,0.5,0.5
315,2,12,2,6,12,1.0,0.75,0.75,0.5,0.5
316,100,2,6,2,12,0.25,0.75,0.25,1.0,0.5
317,100,3,2,2,12,0.0,0.5,0.5,0.75,0.25
318,6,3,2,2,100,0.5,0.5,0.75,0.75,0.25
319,100,100,6,2,100,0.0,0.0,0.5,1.0,0.0
320,2,6,6,2,12,0.75,1.0,0.5,0.5,0.5
321,3,3,12,6,6,0.5,0.5,0.25,0.25,0.25
322,12,6,2,12,100,0.25,0.5,0.5,0.5,0.5
323,2,2,2,2,100,1.0,1.0,1.0,1.0,0.25
324,2,2,100,2,3,0.25,0.5,0.25,1.0,0.75
325,100,12,2,2,12,0.0,0.25,0.25,0.5,0.25
326,2,2,2,2,100,0.5,0.75,0.75,1.0,0.25
327,2,2,2,2,12,0.5,0.5,0.5,0.5,0.5
328,100,6,3,2,100,0.0,0.5,0.5,0.75,0.5
329,6,6,6,6,12,0.5,0.75,0.5,0.75,0.75
330,6,100,2,2,100,0.5,0.5,0.75,1.0,0.5
331,100,6,6,2,12,0.0,1.0,0.5,1.0,1.0
332,3,6,12,3,100,0.75,0.5,0.5,0.75,0.0
333,2,3,2,2,6,1.0,0.75,1.0,1.0,0.75
334,2,2,2,2,12,1.0,1.0,1.0,1.0,1.0
335,2,100,2,2,2,0.75,0.75,1.0,1.0,1.0
336,100,12,12,6,100,0.0,0.25,0.25,0.75,0.5
337,3,2,6,2,100,0.25,0.75,0.25,1.0,0.25
338,100,2,2,2,2,0.5,0.75,0.75,0.75,0.0
339,3,6,2,12,2,0.0,0.75,1.0,0.5,0.25
340,2,2,2,2,2,0.5,0.75,0.5,1.0,1.0
341,6,3,3,2,100,0.25,0.5,0.5,1.0,0.5
342,2,2,2,2,2,0.75,0.75,0.75,0.75,0.75
343,2,3,2,2,6,1.0,0.5,1.0,1.0,0.75
344,100,2,100,3,100,0.0,0.25,0.0,0.25,0.0
345,12,100,12,100,100,0.25,0.25,0.5,0.25,0.25
346,2,2,2,2,100,1.0,1.0,0.5,1.0,1.0
347,2,2,2,2,2,0.5,1.0,1.0,1.0,1.0
348,6,100,12,12,12,0.5,0.0,0.5,0.5,0.75
349,100,2,2,2,100,0.0,1.0,1.0,1.0,0.0
350,6,6,6,3,6,0.5,0.5,0.75,0.5,0.75
351,2,2,2,2,2,1.0,1.0,1.0,1.0,1.0
352,2,2,2,2,3,1.0,0.75,1.0,1.0,1.0
353,2,2,2,2,100,1.0,1.0,1.0,1.0,1.0
354,2,2,2,2,100,1.0,1.0,1.0,1.0,1.0
355,12,12,12,12,100,0.5,0.5,0.5,0.5,0.0
356,100,12,2,2,2,0.0,0.5,0.0,0.75,0.75
357,100,100,12,2,100,0.0,0.75,0.75,1.0,0.25
358,3,3,3,3,3,0.25,0.5,0.5,0.5,0.5
359,2,2,2,2,12,0.75,1.0,1.0,1.0,0.75
360,6,12,6,6,6,0.25,0.25,0.75,0.5,0.75
361,100,100,2,2,100,0.0,0.0,0.5,0.75,0.0
362,100,100,100,12,100,0.0,0.0,0.0,0.75,0.5
363,2,2,2,2,2,0.5,1.0,0.75,1.0,1.0
364,2,2,2,2,2,1.0,1.0,1.0,1.0,1.0
365,100,100,2,3,12,0.0,0.5,0.5,0.75,0.5
366,6,6,6,12,12,1.0,0.75,0.75,0.75,0.75
367,100,100,2,2,100,0.0,0.75,0.75,0.75,0.75
368,6,2,2,2,100,0.5,1.0,1.0,1.0,0.75
369,2,3,2,3,2,0.75,0.5,0.5,0.75,0.75
370,12,12,2,3,6,0.75,0.75,0.75,0.75,0.75
371,100,100,6,2,100,0.0,0.5,0.0,1.0,0.25
372,100,2,2,2,100,0.0,0.75,0.75,0.75,0.25
373,2,2,2,2,2,0.75,0.75,0.75,0.75,0.75
374,12,100,3,2,100,0.0,0.75,0.75,0.75,0.75
375,2,2,3,3,12,1.0,1.0,1.0,1.0,0.75
376,12,6,12,12,100,0.0,0.0,0.0,0.0,0.0
377,100,100,3,2,100,0.25,0.75,1.0,1.0,1.0
378,12,12,12,12,100,0.5,0.5,0.5,0.75,0.5
379,2,12,2,2,3,1.0,0.75,1.0,0.5,0.5
380,100,2,2,2,12,0.0,0.5,0.5,0.75,0.75
381,100,3,3,2,100,0.5,0.5,0.5,1.0,0.5
382,6,6,6,3,6,0.25,0.25,0.25,0.5,0.25
383,12,6,12,2,100,0.5,0.5,0.5,0.75,0.5
384,12,2,2,2,2,1.0,1.0,1.0,1.0,1.0
385,12,100,6,2,100,0.0,1.0,0.75,1.0,0.5
386,100,100,12,12,100,0.25,0.5,0.5,0.75,0.5
387,2,2,2,2,2,0.25,0.75,0.75,0.75,0.5
388,2,2,2,2,2,0.0,0.25,0.5,0.75,0.75
389,100,2,2,2,100,0.25,0.75,0.5,0.75,0.25
390,2,12,2,3,12,0.5,0.75,0.75,0.75,0.5
391,2,2,2,2,2,1.0,1.0,1.0,1.0,1.0
392,2,3,6,3,3,0.0,0.75,0.75,0.75,0.75
393,6,2,2,3,100,0.0,0.5,0.5,1.0,0.0
394,2,100,12,12,100,0.5,0.75,0.75,0.75,0.75
395,100,100,3,2,100,0.0,0.75,0.5,0.75,0.5
396,12,2,2,2,100,0.0,1.0,0.75,1.0,0.75
397,3,2,2,2,100,1.0,1.0,1.0,1.0,1.0
398,6,100,12,12,100,0.25,0.0,0.25,0.0,0.0
399,3,2,2,2,2,0.75,1.0,1.0,0.75,1.0
400,100,2,2,2,100,0.25,1.0,1.0,1.0,0.75
401,3,100,2,2,100,0.5,0.5,0.75,0.75,0.5
402,2,3,12,6,12,0.25,0.5,0.5,0.25,0.0
403,100,100,2,100,2,0.0,0.0,0.75,0.5,0.5
404,100,100,6,6,100,0.25,0.75,0.75,0.75,0.75
405,12,100,100,6,6,0.25,0.5,0.5,0.5,0.25
406,100,100,2,3,12,0.25,0.25,0.5,0.5,0.25
407,2,2,2,2,2,1.0,1.0,1.0,1.0,1.0
408,2,2,2,2,2,0.5,0.75,0.75,1.0,0.75
409,12,100,12,100,100,0.5,0.25,0.5,0.5,0.0
410,100,6,6,6,100,0.0,0.5,0.5,0.5,0.5
411,3,2,2,2,2,1.0,0.75,1.0,1.0,1.0
412,3,2,6,2,6,0.25,1.0,0.5,0.75,0.5
413,2,2,2,2,2,0.75,1.0,1.0,0.75,1.0
414,2,12,2,2,12,1.0,0.5,1.0,1.0,0.5
415,100,2,2,2,100,0.0,0.5,0.5,0.5,0.5
416,6,100,6,2,100,0.5,0.5,0.5,0.5,0.0
417,100,2,2,2,12,0.0,1.0,0.5,1.0,0.75
418,12,2,12,2,100,0.5,1.0,0.25,1.0,0.0
419,2,12,2,6,12,0.75,1.0,0.75,1.0,1.0
420,6,2,2,2,12,0.5,1.0,1.0,1.0,1.0
421,6,6,3,3,12,0.5,0.75,0.5,0.75,0.75
422,6,2,2,2,12,0.5,0.75,0.75,1.0,0.5
423,100,2,3,2,12,0.0,0.75,0.5,1.0,0.5
424,100,2,6,2,12,0.25,1.0,0.5,1.0,0.75
425,100,12,2,2,2,0.25,0.75,0.75,0.75,0.75
426,2,3,3,3,2,1.0,1.0,1.0,0.75,1.0
427,2,12,2,2,100,0.75,0.75,0.75,0.75,0.75
428,100,2,100,2,100,0.0,1.0,0.0,1.0,0.0
429,2,100,2,6,12,0.75,0.5,0.75,0.75,1.0
430,3,2,2,2,12,1.0,1.0,1.0,1.0,0.75
431,3,6,12,2,3,0.75,1.0,0.75,1.0,0.75
432,6,2,2,2,100,0.5,1.0,1.0,1.0,0.0
433,2,3,2,2,100,0.75,1.0,1.0,1.0,0.75
434,6,3,2,2,12,0.75,0.75,0.75,0.75,0.75
435,2,2,2,2,2,1.0,1.0,1.0,1.0,1.0
436,2,3,2,6,6,0.75,1.0,1.0,0.75,0.5
437,2,2,2,6,2,1.0,0.25,0.75,1.0,1.0
438,2,3,2,3,2,1.0,0.75,1.0,0.75,0.5
439,12,6,6,2,12,0.25,0.75,0.5,1.0,0.75
440,100,2,2,2,100,0.5,0.5,0.5,0.5,0.25
441,2,6,2,6,12,0.75,1.0,0.75,1.0,1.0
442,6,6,3,3,100,0.25,0.25,0.5,0.75,0.5
443,3,100,6,6,12,0.75,1.0,0.75,0.75,1.0
444,2,2,2,2,2,1.0,1.0,1.0,1.0,1.0
445,2,100,2,2,100,1.0,1.0,1.0,1.0,1.0
446,6,100,2,6,100,0.5,0.0,0.75,0.5,0.5
447,100,100,2,2,100,0.25,0.5,0.5,0.75,0.75
448,2,6,2,2,2,0.5,0.75,0.5,1.0,0.25
449,2,6,2,12,100,0.5,0.5,0.75,0.75,0.0
450,3,2,3,2,3,0.5,1.0,0.75,1.0,0.75
451,2,12,3,2,3,1.0,0.75,1.0,0.75,1.0
452,2,2,2,2,100,0.75,0.75,0.75,0.75,0.0
453,100,2,2,2,100,0.25,0.75,0.75,1.0,0.5
